Cluster to run ; Job name ; Cluster 0 ; Cluster 1 ; Cluster 2 ; Cluster 3 ; Cluster 4 ; Cluster 5 ; Cluster 6 ; Cluster 7
1 ; Job0 ; 0. ; 9.999999747e-005 ; 0. ; 0. ; 0. ; 0. ; 0. ; 0.
1 ; Job2 ; 2.499999828e-004 ; 0.2001000047 ; 2.499999828e-004 ; 2.499999828e-004 ; 2.499999828e-004 ; 2.499999828e-004 ; 2.499999828e-004 ; 2.499999828e-004
1 ; Job4 ; 9.999999311e-004 ; 0.2001000047 ; 9.999999311e-004 ; 9.999999311e-004 ; 9.999999311e-004 ; 9.999999311e-004 ; 9.999999311e-004 ; 9.999999311e-004
1 ; Job3 ; 1.750000054e-003 ; 0.2001000047 ; 1.750000054e-003 ; 1.750000054e-003 ; 1.750000054e-003 ; 1.750000054e-003 ; 1.750000054e-003 ; 1.750000054e-003
1 ; Job1 ; 2.250000136e-003 ; 0.2001000047 ; 2.250000136e-003 ; 2.250000136e-003 ; 2.250000136e-003 ; 2.250000136e-003 ; 2.250000136e-003 ; 2.250000136e-003
1 ; Job5 ; 2.749999985e-003 ; 0.8001000285 ; 2.749999985e-003 ; 2.749999985e-003 ; 2.749999985e-003 ; 2.749999985e-003 ; 2.749999985e-003 ; 2.749999985e-003
5 ; Job9 ; 3.000000026e-003 ; 0. ; 3.000000026e-003 ; 3.000000026e-003 ; 3.000000026e-003 ; 3.100000089e-003 ; 3.000000026e-003 ; 3.000000026e-003
7 ; Job14 ; 3.249999834e-003 ; 0. ; 3.249999834e-003 ; 3.249999834e-003 ; 3.249999834e-003 ; 1.249999972e-003 ; 3.249999834e-003 ; 3.349999897e-003
5 ; Job11 ; 3.500000108e-003 ; 0. ; 3.500000108e-003 ; 3.500000108e-003 ; 3.500000108e-003 ; 0.2016000003 ; 3.500000108e-003 ; 1.500000013e-003
5 ; Job12 ; 3.750000149e-003 ; 0. ; 3.750000149e-003 ; 3.750000149e-003 ; 3.750000149e-003 ; 0.2001000047 ; 3.750000149e-003 ; 1.75000017e-003
5 ; Job10 ; 3.999999724e-003 ; 0. ; 3.999999724e-003 ; 3.999999724e-003 ; 3.999999724e-003 ; 0.2001000047 ; 3.999999724e-003 ; 1.999999862e-003
7 ; Job16 ; 4.250000231e-003 ; 0. ; 4.250000231e-003 ; 4.250000231e-003 ; 4.250000231e-003 ; 0. ; 4.250000231e-003 ; 0.2023500055
7 ; Job15 ; 4.999999888e-003 ; 0. ; 4.999999888e-003 ; 4.999999888e-003 ; 4.999999888e-003 ; 0. ; 4.999999888e-003 ; 0.2001000047
7 ; Job17 ; 5.49999997e-003 ; 0. ; 5.49999997e-003 ; 5.49999997e-003 ; 5.49999997e-003 ; 0. ; 5.49999997e-003 ; 0.4000999928
5 ; Job13 ; 6.250000093e-003 ; 0. ; 6.250000093e-003 ; 6.250000093e-003 ; 6.250000093e-003 ; 0.6001000404 ; 6.250000093e-003 ; 0.
7 ; Job18 ; 6.499999668e-003 ; 0. ; 6.499999668e-003 ; 6.499999668e-003 ; 6.499999668e-003 ; 0. ; 6.499999668e-003 ; 0.2001000047
7 ; Job19 ; 7.249999791e-003 ; 0. ; 7.249999791e-003 ; 7.249999791e-003 ; 7.249999791e-003 ; 0. ; 7.249999791e-003 ; 0.2001000047
3 ; Job6 ; 7.499999367e-003 ; 0. ; 7.499999367e-003 ; 7.599999197e-003 ; 7.499999367e-003 ; 0. ; 7.499999367e-003 ; 0.
0 ; Job20 ; 7.999999449e-003 ; 9.999999747e-005 ; 7.999999449e-003 ; 3.999999724e-003 ; 7.999999449e-003 ; 0. ; 7.999999449e-003 ; 0.
3 ; Job7 ; 6.249999627e-003 ; 0. ; 8.249999955e-003 ; 0.2043499947 ; 8.249999955e-003 ; 0. ; 8.249999955e-003 ; 0.
0 ; Job22 ; 0.2070000023 ; 9.999999747e-005 ; 8.999999613e-003 ; 0. ; 8.999999613e-003 ; 0. ; 8.999999613e-003 ; 0.
0 ; Job24 ; 0.2017499954 ; 9.999999747e-005 ; 9.74999927e-003 ; 0. ; 9.74999927e-003 ; 0. ; 9.74999927e-003 ; 0.
0 ; Job23 ; 0.200000003 ; 9.999999747e-005 ; 1.049999986e-002 ; 5.000002566e-004 ; 1.049999986e-002 ; 5.000002566e-004 ; 1.049999986e-002 ; 0.
0 ; Job21 ; 0.200000003 ; 9.999999747e-005 ; 1.099999994e-002 ; 1.000000513e-003 ; 1.099999994e-002 ; 1.000000513e-003 ; 1.099999994e-002 ; 0.
3 ; Job8 ; 0. ; 0. ; 1.149999909e-002 ; 0.2016000003 ; 1.149999909e-002 ; 1.500000013e-003 ; 1.149999909e-002 ; 0.
0 ; Job25 ; 0.8000000119 ; 3.499999875e-004 ; 1.199999917e-002 ; 0. ; 1.199999917e-002 ; 1.999999629e-003 ; 1.199999917e-002 ; 0.
2 ; Job164 ; 0. ; 0. ; 1.225000061e-002 ; 0. ; 1.225000061e-002 ; 2.350000897e-003 ; 1.225000061e-002 ; 0.
4 ; Job249 ; 0. ; 0. ; 1.050000079e-002 ; 0. ; 1.250000019e-002 ; 2.500000643e-003 ; 1.250000019e-002 ; 9.999999747e-005
2 ; Job166 ; 0. ; 0. ; 0.2107499987 ; 0. ; 1.075000037e-002 ; 2.850000514e-003 ; 1.274999976e-002 ; 0.
4 ; Job251 ; 0. ; 0. ; 8.999999613e-003 ; 0. ; 0.2109999955 ; 3.000000026e-003 ; 1.299999934e-002 ; 9.999999747e-005
2 ; Job165 ; 0. ; 0. ; 0.2097499967 ; 0. ; 5.74999908e-003 ; 3.849999513e-003 ; 1.374999899e-002 ; 0.
2 ; Job167 ; 0. ; 0. ; 0.2080000043 ; 0. ; 5.999998655e-003 ; 4.099999089e-003 ; 1.399999857e-002 ; 0.
4 ; Job250 ; 0. ; 0. ; 6.250000093e-003 ; 2.500012633e-004 ; 0.206249997 ; 4.250000231e-003 ; 1.425000001e-002 ; 9.999999747e-005
4 ; Job252 ; 0. ; 0. ; 6.749999709e-003 ; 7.500007632e-004 ; 0.4027499855 ; 4.749999847e-003 ; 1.474999916e-002 ; 9.999999747e-005
2 ; Job168 ; 0. ; 0. ; 0.6075000167 ; 1.500001526e-003 ; 0. ; 5.600000732e-003 ; 1.549999975e-002 ; 0.
4 ; Job253 ; 0. ; 0. ; 5.750000477e-003 ; 1.750001335e-003 ; 0.200000003 ; 5.750000477e-003 ; 1.575000025e-002 ; 9.999999747e-005
4 ; Job254 ; 0. ; 0. ; 6.499999668e-003 ; 2.500000643e-003 ; 0.200000003 ; 6.499999668e-003 ; 1.649999991e-002 ; 9.999999747e-005
6 ; Job26 ; 0. ; 9.999999747e-005 ; 6.749999709e-003 ; 2.750000451e-003 ; 0. ; 6.749999709e-003 ; 1.674999855e-002 ; 0.
6 ; Job28 ; 0. ; 9.999999747e-005 ; 6.999999285e-003 ; 3.000000026e-003 ; 0. ; 6.999999285e-003 ; 0.2150000036 ; 0.
6 ; Job30 ; 0. ; 9.999999747e-005 ; 7.749999873e-003 ; 3.750000848e-003 ; 0. ; 7.749999873e-003 ; 0.2097499967 ; 0.
6 ; Job27 ; 0. ; 9.999999747e-005 ; 8.499999531e-003 ; 4.500000272e-003 ; 0. ; 8.499999531e-003 ; 0.2045000046 ; 0.
6 ; Job29 ; 0. ; 9.999999747e-005 ; 9.000000544e-003 ; 5.000001285e-003 ; 0. ; 9.000000544e-003 ; 0.201000005 ; 0.
6 ; Job31 ; 2.499999828e-004 ; 3.499999875e-004 ; 9.499999695e-003 ; 5.500000902e-003 ; 0. ; 9.499999695e-003 ; 0.8000000119 ; 0.
5 ; Job169 ; 0. ; 0. ; 9.74999927e-003 ; 5.750000477e-003 ; 0. ; 9.8499991e-003 ; 0. ; 0.
2 ; Job255 ; 0. ; 0. ; 9.999999776e-003 ; 6.000000052e-003 ; 0. ; 7.999999449e-003 ; 0. ; 9.999999747e-005
5 ; Job171 ; 0. ; 0. ; 8.249999955e-003 ; 6.250000093e-003 ; 0. ; 0.2083500028 ; 0. ; 0.
2 ; Job257 ; 0. ; 0. ; 0.2084999979 ; 6.499999668e-003 ; 0. ; 6.499999668e-003 ; 0. ; 9.999999747e-005
5 ; Job172 ; 0. ; 0. ; 3.249999834e-003 ; 7.250000723e-003 ; 0. ; 0.2073500007 ; 0. ; 0.
5 ; Job170 ; 0. ; 0. ; 3.499999642e-003 ; 7.500000298e-003 ; 0. ; 0.2056000084 ; 0. ; 0.
2 ; Job256 ; 0. ; 0. ; 0.2037499994 ; 7.749999873e-003 ; 0. ; 3.750000848e-003 ; 0. ; 9.999999747e-005
3 ; Job134 ; 0. ; 0. ; 2.499982656e-004 ; 8.349999785e-003 ; 0. ; 4.250000231e-003 ; 0. ; 0.
2 ; Job258 ; 0. ; 0. ; 0.4007500112 ; 4.750001244e-003 ; 0. ; 4.750001244e-003 ; 0. ; 9.999999747e-005
5 ; Job173 ; 0. ; 0. ; 0. ; 5.500000902e-003 ; 0. ; 0.6055999994 ; 0. ; 0.
3 ; Job135 ; 0. ; 0. ; 0. ; 0.2058500051 ; 0. ; 3.750000848e-003 ; 0. ; 0.
2 ; Job259 ; 4.999994999e-004 ; 4.999994999e-004 ; 0.200000003 ; 5.000010133e-004 ; 0. ; 4.500001669e-003 ; 4.999994999e-004 ; 9.999999747e-005
3 ; Job136 ; 1.250000321e-003 ; 1.250000321e-003 ; 0. ; 0.2013500035 ; 0. ; 5.250002258e-003 ; 1.250000321e-003 ; 0.
2 ; Job260 ; 1.749999821e-003 ; 1.749999821e-003 ; 0.200000003 ; 0. ; 0. ; 5.750001874e-003 ; 1.749999821e-003 ; 9.999999747e-005
5 ; Job32 ; 1.999999629e-003 ; 2.099999692e-003 ; 0. ; 0. ; 0. ; 6.000001915e-003 ; 1.999999629e-003 ; 0.
5 ; Job34 ; 2.249999437e-003 ; 2.3499995e-003 ; 0. ; 0. ; 2.499997499e-004 ; 0.2042500079 ; 2.249999437e-003 ; 2.499997499e-004
5 ; Job36 ; 2.999998629e-003 ; 3.099998692e-003 ; 0. ; 0. ; 9.999989998e-004 ; 0.200000003 ; 2.999998629e-003 ; 9.999989998e-004
5 ; Job35 ; 3.750000848e-003 ; 3.85000091e-003 ; 0. ; 0. ; 1.750001335e-003 ; 0.200000003 ; 3.750000848e-003 ; 1.750001335e-003
5 ; Job33 ; 4.250000231e-003 ; 4.350000061e-003 ; 0. ; 2.500027476e-004 ; 2.250000834e-003 ; 0.200000003 ; 4.250000231e-003 ; 2.250000834e-003
5 ; Job37 ; 4.999999888e-003 ; 5.099999718e-003 ; 0. ; 7.500022766e-004 ; 2.750000451e-003 ; 0.8000000119 ; 4.999999888e-003 ; 2.750000451e-003
0 ; Job174 ; 4.999999888e-003 ; 4.999999888e-003 ; 0. ; 1.000002027e-003 ; 3.000000026e-003 ; 9.999999747e-005 ; 4.999999888e-003 ; 3.000000026e-003
1 ; Job261 ; 3.249999834e-003 ; 5.249999464e-003 ; 0. ; 1.250001835e-003 ; 3.249999834e-003 ; 0. ; 5.249999464e-003 ; 3.349999897e-003
0 ; Job176 ; 0.2035000026 ; 3.499999642e-003 ; 0. ; 1.500001526e-003 ; 3.499999642e-003 ; 9.999999747e-005 ; 5.499999039e-003 ; 3.499999642e-003
0 ; Job177 ; 0.2017499954 ; 3.749999451e-003 ; 0. ; 1.750001335e-003 ; 3.749999451e-003 ; 9.999999747e-005 ; 5.74999908e-003 ; 3.749999451e-003
0 ; Job175 ; 0.200000003 ; 3.999999259e-003 ; 0. ; 2.000001026e-003 ; 3.999999259e-003 ; 9.999999747e-005 ; 5.999998655e-003 ; 3.999999259e-003
1 ; Job263 ; 0. ; 0.204249993 ; 0. ; 2.250000834e-003 ; 4.249998834e-003 ; 0. ; 6.249998696e-003 ; 4.349998664e-003
1 ; Job262 ; 0. ; 0.200000003 ; 0. ; 3.000000026e-003 ; 4.999998026e-003 ; 0. ; 6.999997888e-003 ; 5.099997856e-003
1 ; Job264 ; 0. ; 0.400000006 ; 0. ; 3.500002669e-003 ; 5.500000902e-003 ; 0. ; 7.500000298e-003 ; 5.600000732e-003
0 ; Job178 ; 0.6002500057 ; 0. ; 0. ; 4.250002094e-003 ; 6.250000093e-003 ; 5.999999703e-004 ; 8.249999955e-003 ; 6.250000093e-003
1 ; Job265 ; 0. ; 0.200000003 ; 0. ; 4.500001669e-003 ; 6.499999668e-003 ; 0. ; 8.499999531e-003 ; 6.599999499e-003
1 ; Job266 ; 0. ; 0.200000003 ; 0. ; 5.25000412e-003 ; 7.25000212e-003 ; 0. ; 9.250001982e-003 ; 7.35000195e-003
6 ; Job38 ; 0. ; 9.999999747e-005 ; 0. ; 5.500003695e-003 ; 7.500001695e-003 ; 0. ; 9.500001557e-003 ; 7.500001695e-003
6 ; Job40 ; 0. ; 9.999999747e-005 ; 0. ; 5.750003271e-003 ; 7.750001736e-003 ; 0. ; 0.2077500075 ; 7.750001736e-003
6 ; Job42 ; 4.999965313e-004 ; 9.999999747e-005 ; 0. ; 6.500002928e-003 ; 8.500000462e-003 ; 0. ; 0.2025000006 ; 8.500000462e-003
6 ; Job41 ; 1.249995781e-003 ; 9.999999747e-005 ; 0. ; 7.25000212e-003 ; 9.250000119e-003 ; 0. ; 0.200000003 ; 9.250000119e-003
6 ; Job39 ; 1.749998308e-003 ; 9.999999747e-005 ; 0. ; 7.75000453e-003 ; 9.750002995e-003 ; 0. ; 0.200000003 ; 9.750002995e-003
6 ; Job43 ; 2.499997849e-003 ; 3.499999875e-004 ; 2.499997499e-004 ; 8.250003681e-003 ; 1.025000215e-002 ; 2.499999828e-004 ; 0.8002499938 ; 1.025000215e-002
4 ; Job137 ; 2.499997616e-003 ; 0. ; 4.999994999e-004 ; 8.600004017e-003 ; 1.050000172e-002 ; 0. ; 0. ; 1.050000172e-002
4 ; Job138 ; 2.999997232e-003 ; 0. ; 9.999989998e-004 ; 9.100003168e-003 ; 0.2070000023 ; 0. ; 0. ; 1.10000018e-002
4 ; Job139 ; 3.749996424e-003 ; 0. ; 1.749998308e-003 ; 9.850002825e-003 ; 0.2017499954 ; 0. ; 0. ; 1.175000053e-002
7 ; Job179 ; 4.24999604e-003 ; 0. ; 2.249997808e-003 ; 1.025000215e-002 ; 0. ; 9.999999747e-005 ; 0. ; 1.225000061e-002
7 ; Job267 ; 4.499995615e-003 ; 0. ; 2.499997616e-003 ; 1.050000172e-002 ; 0. ; 0. ; 0. ; 1.059999876e-002
7 ; Job181 ; 4.749995656e-003 ; 0. ; 2.749997424e-003 ; 1.07500013e-002 ; 0. ; 9.999999747e-005 ; 0. ; 0.2087499946
7 ; Job269 ; 4.999995232e-003 ; 0. ; 2.999997232e-003 ; 1.10000018e-002 ; 0. ; 0. ; 0. ; 0.207100004
7 ; Job182 ; 5.749997683e-003 ; 0. ; 3.749999451e-003 ; 1.175000332e-002 ; 0. ; 9.999999747e-005 ; 0. ; 0.2017499954
7 ; Job180 ; 5.999997258e-003 ; 0. ; 3.999999259e-003 ; 1.200000383e-002 ; 2.980232283e-009 ; 9.999999747e-005 ; 0. ; 0.200000003
7 ; Job268 ; 6.249996834e-003 ; 0. ; 4.249998834e-003 ; 1.22500034e-002 ; 2.500027476e-004 ; 0. ; 0. ; 0.2001000047
7 ; Job270 ; 6.74999645e-003 ; 0. ; 4.74999845e-003 ; 1.275000256e-002 ; 7.500022766e-004 ; 0. ; 0. ; 0.4000999928
7 ; Job183 ; 7.499995641e-003 ; 0. ; 5.499997642e-003 ; 1.350000221e-002 ; 1.500001526e-003 ; 5.999999703e-004 ; 0. ; 0.6000000238
7 ; Job271 ; 7.749995682e-003 ; 0. ; 5.749997683e-003 ; 1.375000179e-002 ; 1.750001335e-003 ; 0. ; 0. ; 0.2001000047
3 ; Job44 ; 8.499997668e-003 ; 9.999999747e-005 ; 6.499999668e-003 ; 1.450000424e-002 ; 2.500003669e-003 ; 0. ; 0. ; 0.
7 ; Job272 ; 8.749997243e-003 ; 0. ; 6.749999709e-003 ; 1.275000256e-002 ; 2.750003245e-003 ; 0. ; 0. ; 0.2001000047
3 ; Job48 ; 8.99999775e-003 ; 9.999999747e-005 ; 6.999999285e-003 ; 0.2129999995 ; 3.000003053e-003 ; 0. ; 0. ; 0.
3 ; Job46 ; 9.749996476e-003 ; 9.999999747e-005 ; 7.749998476e-003 ; 0.2077500075 ; 3.750002477e-003 ; 0. ; 0. ; 0.
3 ; Job47 ; 1.049999613e-002 ; 9.999999747e-005 ; 8.499997668e-003 ; 0.2025000006 ; 4.500001669e-003 ; 5.000025267e-004 ; 0. ; 0.
3 ; Job45 ; 1.099999528e-002 ; 9.999999747e-005 ; 8.99999775e-003 ; 0.200000003 ; 5.000001285e-003 ; 1.000002027e-003 ; 0. ; 0.
3 ; Job49 ; 1.174999494e-002 ; 3.499999875e-004 ; 9.499996901e-003 ; 0.8000000119 ; 5.500000902e-003 ; 1.750001567e-003 ; 4.999999655e-004 ; 0.
0 ; Job184 ; 1.174999494e-002 ; 0. ; 9.749996476e-003 ; 0. ; 5.750000477e-003 ; 1.850001281e-003 ; 0. ; 0.
2 ; Job273 ; 9.999993257e-003 ; 0. ; 9.999996051e-003 ; 0. ; 6.000000052e-003 ; 2.000001026e-003 ; 0. ; 9.999999747e-005
0 ; Job186 ; 0.2102499902 ; 0. ; 8.249995299e-003 ; 0. ; 6.250000093e-003 ; 2.350000897e-003 ; 0. ; 0.
0 ; Job187 ; 0.2084999979 ; 0. ; 8.500000462e-003 ; 0. ; 6.500005722e-003 ; 2.600006526e-003 ; 0. ; 0.
0 ; Job185 ; 0.2067499906 ; 0. ; 8.750000969e-003 ; 0. ; 6.750005297e-003 ; 2.850006334e-003 ; 0. ; 0.
2 ; Job275 ; 4.999995232e-003 ; 0. ; 0.2090000063 ; 0. ; 7.000005338e-003 ; 3.00000608e-003 ; 0. ; 9.999999747e-005
2 ; Job274 ; 5.749994423e-003 ; 0. ; 0.2037499994 ; 0. ; 7.75000453e-003 ; 3.750005271e-003 ; 0. ; 9.999999747e-005
2 ; Job276 ; 6.24999404e-003 ; 0. ; 0.4002499878 ; 0. ; 8.250003681e-003 ; 4.250004888e-003 ; 2.500027476e-004 ; 9.999999747e-005
4 ; Job50 ; 6.999993231e-003 ; 9.999999747e-005 ; 0. ; 0. ; 9.000003338e-003 ; 5.000004079e-003 ; 1.000002027e-003 ; 0.
0 ; Job188 ; 0.6075000167 ; 0. ; 2.499999828e-004 ; 0. ; 7.25000212e-003 ; 5.850003567e-003 ; 1.250001835e-003 ; 2.499999828e-004
4 ; Job140 ; 5.499991588e-003 ; 0. ; 0. ; 9.999999747e-005 ; 7.500001695e-003 ; 5.500003695e-003 ; 1.500001526e-003 ; 0.
2 ; Job277 ; 5.999991205e-003 ; 0. ; 0.200000003 ; 0. ; 4.000002053e-003 ; 6.000003312e-003 ; 2.000001026e-003 ; 9.999999747e-005
4 ; Job54 ; 6.749990396e-003 ; 8.499993128e-004 ; 0. ; 0. ; 0.2047500014 ; 6.750002503e-003 ; 2.750000451e-003 ; 0.
4 ; Job52 ; 7.499990053e-003 ; 1.599998563e-003 ; 0. ; 0. ; 0.200000003 ; 7.500001695e-003 ; 3.499999642e-003 ; 0.
4 ; Job53 ; 8.249988779e-003 ; 2.349997871e-003 ; 0. ; 2.499997499e-004 ; 0.200000003 ; 8.250000887e-003 ; 4.249998834e-003 ; 0.
4 ; Job51 ; 8.749988861e-003 ; 2.849997487e-003 ; 0. ; 7.49999308e-004 ; 0.200000003 ; 8.750000969e-003 ; 4.74999845e-003 ; 0.
2 ; Job278 ; 9.249994531e-003 ; 3.250002861e-003 ; 0.200000003 ; 1.250004745e-003 ; 0. ; 9.250005707e-003 ; 5.25000412e-003 ; 9.999999747e-005
4 ; Job141 ; 9.499994107e-003 ; 3.500002669e-003 ; 0. ; 1.6000045e-003 ; 0.200000003 ; 9.500006214e-003 ; 5.500003695e-003 ; 0.
4 ; Job55 ; 1.049999334e-002 ; 4.600001499e-003 ; 0. ; 2.500003902e-003 ; 0.8000000119 ; 1.050000545e-002 ; 6.750002969e-003 ; 0.
4 ; Job142 ; 1.049999334e-002 ; 4.500001669e-003 ; 0. ; 3.600003663e-003 ; 0.2004999965 ; 1.050000452e-002 ; 6.500002928e-003 ; 0.
5 ; Job189 ; 1.099999249e-002 ; 5.000001285e-003 ; 0. ; 3.000003053e-003 ; 0. ; 1.110000443e-002 ; 7.000002079e-003 ; 0.
0 ; Job279 ; 1.124999207e-002 ; 5.250000861e-003 ; 0. ; 3.250002861e-003 ; 0. ; 9.250002913e-003 ; 7.25000212e-003 ; 9.999999747e-005
5 ; Job191 ; 9.499991313e-003 ; 5.500000902e-003 ; 0. ; 3.500002669e-003 ; 0. ; 0.2096000016 ; 7.500001695e-003 ; 0.
5 ; Job192 ; 9.749990888e-003 ; 5.750000477e-003 ; 0. ; 3.750002477e-003 ; 0. ; 0.2078500092 ; 7.750001736e-003 ; 0.
5 ; Job190 ; 9.999990463e-003 ; 6.000000052e-003 ; 0. ; 4.000002053e-003 ; 0. ; 0.2061000019 ; 8.000001311e-003 ; 0.
0 ; Job281 ; 0.2102499902 ; 6.250000093e-003 ; 0. ; 4.250002094e-003 ; 0. ; 4.250002094e-003 ; 8.250000887e-003 ; 9.999999747e-005
0 ; Job280 ; 0.2049999833 ; 6.999999285e-003 ; 0. ; 5.000001285e-003 ; 0. ; 5.000001285e-003 ; 9.000000544e-003 ; 9.999999747e-005
6 ; Job56 ; 1.499992562e-003 ; 7.600004785e-003 ; 0. ; 5.500006489e-003 ; 0. ; 5.500006489e-003 ; 9.500006214e-003 ; 0.
0 ; Job282 ; 0.4017499983 ; 7.749998476e-003 ; 0. ; 5.750000477e-003 ; 0. ; 5.750000477e-003 ; 7.749998476e-003 ; 9.999999747e-005
6 ; Job60 ; 0. ; 8.600004017e-003 ; 0. ; 6.500005722e-003 ; 0. ; 6.500005722e-003 ; 0.2084999979 ; 0.
6 ; Job58 ; 0. ; 9.350002743e-003 ; 0. ; 7.250004914e-003 ; 0. ; 7.250004914e-003 ; 0.2032500058 ; 0.
5 ; Job193 ; 4.999999655e-004 ; 1.000000257e-002 ; 2.499999828e-004 ; 8.000004105e-003 ; 0. ; 0.6086000204 ; 0. ; 2.499999828e-004
6 ; Job59 ; 0. ; 1.035000198e-002 ; 0. ; 8.250003681e-003 ; 0. ; 6.250006147e-003 ; 0.200000003 ; 0.
6 ; Job57 ; 0. ; 1.085000113e-002 ; 0. ; 8.750003763e-003 ; 0. ; 6.750005297e-003 ; 0.200000003 ; 0.
0 ; Job283 ; 0.200000003 ; 1.125000138e-002 ; 0. ; 9.250002913e-003 ; 0. ; 7.250004914e-003 ; 0. ; 9.999999747e-005
6 ; Job61 ; 2.499999828e-004 ; 1.235000044e-002 ; 0. ; 1.025000215e-002 ; 2.499999828e-004 ; 8.250004612e-003 ; 0.8004999757 ; 0.
0 ; Job284 ; 0.200000003 ; 1.225000061e-002 ; 2.499997499e-004 ; 1.025000215e-002 ; 0. ; 8.250003681e-003 ; 0. ; 3.499997547e-004
1 ; Job143 ; 0. ; 1.250000019e-002 ; 4.999994999e-004 ; 1.060000155e-002 ; 0. ; 8.500004187e-003 ; 0. ; 4.999994999e-004
1 ; Job144 ; 0. ; 0.2089999914 ; 9.999989998e-004 ; 1.110000163e-002 ; 0. ; 9.000003338e-003 ; 0. ; 9.999989998e-004
1 ; Job145 ; 0. ; 0.2037499994 ; 1.749998308e-003 ; 1.285000052e-002 ; 9.999999311e-004 ; 9.750002995e-003 ; 0. ; 1.749998308e-003
3 ; Job194 ; 0. ; 2.499938128e-004 ; 2.249997808e-003 ; 1.225000061e-002 ; 0. ; 1.035000198e-002 ; 0. ; 2.249997808e-003
3 ; Job285 ; 0. ; 4.999935627e-004 ; 2.499997616e-003 ; 1.050000172e-002 ; 0. ; 1.050000172e-002 ; 0. ; 2.599997679e-003
5 ; Job62 ; 0. ; 8.499933174e-004 ; 2.749997424e-003 ; 8.750003763e-003 ; 0. ; 1.07500013e-002 ; 0. ; 2.749997424e-003
3 ; Job196 ; 0. ; 9.999930626e-004 ; 2.999997232e-003 ; 0.2090000063 ; 0. ; 9.100003168e-003 ; 0. ; 2.999997232e-003
3 ; Job197 ; 0. ; 1.249992871e-003 ; 3.249996807e-003 ; 0.207249999 ; 0. ; 9.350002743e-003 ; 0. ; 3.249996807e-003
3 ; Job195 ; 0. ; 1.499992562e-003 ; 3.499996616e-003 ; 0.2055000067 ; 0. ; 9.600002319e-003 ; 0. ; 3.499996616e-003
3 ; Job287 ; 0. ; 1.749992371e-003 ; 3.749996424e-003 ; 0.2037500143 ; 0. ; 9.750002995e-003 ; 0. ; 3.849996487e-003
3 ; Job286 ; 0. ; 2.499991562e-003 ; 4.499995615e-003 ; 0.200000003 ; 0. ; 1.050000172e-002 ; 0. ; 4.599995445e-003
5 ; Job66 ; 0. ; 3.099991241e-003 ; 4.999995232e-003 ; 0. ; 0. ; 0.2109999955 ; 0. ; 4.999995232e-003
5 ; Job64 ; 0. ; 3.849996487e-003 ; 5.750000477e-003 ; 0. ; 0. ; 0.2057500035 ; 0. ; 5.750000477e-003
5 ; Job65 ; 0. ; 4.599989392e-003 ; 6.499993615e-003 ; 0. ; 0. ; 0.2004999965 ; 0. ; 6.499993615e-003
5 ; Job63 ; 0. ; 5.099989008e-003 ; 6.999993231e-003 ; 0. ; 0. ; 0.200000003 ; 0. ; 6.999993231e-003
3 ; Job288 ; 0. ; 5.500000902e-003 ; 7.500004955e-003 ; 0.400000006 ; 0. ; 0. ; 0. ; 7.600004785e-003
3 ; Job198 ; 7.499878411e-004 ; 6.24999404e-003 ; 8.499997668e-003 ; 0.6000000238 ; 0. ; 8.500000113e-004 ; 0. ; 8.499997668e-003
5 ; Job67 ; 7.499935455e-004 ; 6.84999954e-003 ; 8.500004187e-003 ; 2.499999828e-004 ; 2.499999828e-004 ; 0.8002499938 ; 7.500000065e-004 ; 8.500004187e-003
3 ; Job289 ; 7.499873755e-004 ; 6.749993656e-003 ; 8.749997243e-003 ; 0.200000003 ; 0. ; 0. ; 0. ; 8.849997073e-003
3 ; Job290 ; 1.749992603e-003 ; 7.499998901e-003 ; 9.500002488e-003 ; 0.200000003 ; 0. ; 0. ; 0. ; 9.600002319e-003
2 ; Job68 ; 1.749986433e-003 ; 7.849992253e-003 ; 9.749996476e-003 ; 0. ; 0. ; 0. ; 0. ; 9.749996476e-003
7 ; Job199 ; 1.999992179e-003 ; 7.999998517e-003 ; 8.000004105e-003 ; 0. ; 0. ; 9.999999747e-005 ; 0. ; 1.000000257e-002
7 ; Job291 ; 2.249991987e-003 ; 8.249998093e-003 ; 8.250003681e-003 ; 0. ; 0. ; 0. ; 2.499997499e-004 ; 8.350003511e-003
2 ; Job72 ; 2.499991562e-003 ; 8.599997498e-003 ; 0.2084999979 ; 0. ; 0. ; 0. ; 4.999994999e-004 ; 6.500005722e-003
2 ; Job70 ; 3.249984933e-003 ; 9.349990636e-003 ; 0.2032499909 ; 0. ; 0. ; 0. ; 1.249992871e-003 ; 7.24999886e-003
2 ; Job71 ; 3.999990411e-003 ; 1.009999588e-002 ; 0.200000003 ; 0. ; 0. ; 0. ; 1.999998e-003 ; 8.000004105e-003
2 ; Job69 ; 4.499989562e-003 ; 1.059999596e-002 ; 0.200000003 ; 0. ; 0. ; 0. ; 2.499997616e-003 ; 8.500004187e-003
7 ; Job201 ; 4.999989178e-003 ; 1.099999528e-002 ; 0. ; 0. ; 0. ; 9.999999747e-005 ; 2.999997232e-003 ; 0.2090000063
7 ; Job202 ; 5.249989219e-003 ; 1.124999486e-002 ; 0. ; 0. ; 0. ; 9.999999747e-005 ; 3.249996807e-003 ; 0.207249999
7 ; Job200 ; 5.499988794e-003 ; 1.149999537e-002 ; 0. ; 0. ; 0. ; 9.999999747e-005 ; 3.499996616e-003 ; 0.2055000067
7 ; Job293 ; 5.74998837e-003 ; 1.174999494e-002 ; 0. ; 0. ; 0. ; 0. ; 3.749996424e-003 ; 0.203850016
7 ; Job292 ; 6.499988027e-003 ; 1.249999367e-002 ; 0. ; 0. ; 0. ; 0. ; 4.499995615e-003 ; 0.2001000047
2 ; Job73 ; 7.249987219e-003 ; 1.334999315e-002 ; 0.8000000119 ; 2.499999828e-004 ; 2.499999828e-004 ; 4.999999655e-004 ; 5.749995355e-003 ; 0.
7 ; Job294 ; 7.249993272e-003 ; 1.324999891e-002 ; 0. ; 0. ; 0. ; 0. ; 5.250000861e-003 ; 0.4000999928
7 ; Job203 ; 8.499998599e-003 ; 1.400000416e-002 ; 2.499999828e-004 ; 2.499999828e-004 ; 5.960464566e-009 ; 8.500118856e-004 ; 6.000006106e-003 ; 0.6002500057
7 ; Job295 ; 8.249998093e-003 ; 1.425000466e-002 ; 0. ; 0. ; 2.500057162e-004 ; 2.500116825e-004 ; 6.250006147e-003 ; 0.2001000047
7 ; Job296 ; 9.249997325e-003 ; 1.500000339e-002 ; 4.999999655e-004 ; 2.499999828e-004 ; 1.000005053e-003 ; 1.000010991e-003 ; 7.000005338e-003 ; 0.2005999982
1 ; Job146 ; 9.249997325e-003 ; 1.525000297e-002 ; 0. ; 9.999999747e-005 ; 1.250004745e-003 ; 1.250010682e-003 ; 7.250004914e-003 ; 0.
1 ; Job147 ; 9.749996476e-003 ; 0.2117500007 ; 0. ; 9.999999747e-005 ; 1.750004245e-003 ; 1.750010299e-003 ; 7.75000453e-003 ; 0.
1 ; Job148 ; 1.049998961e-002 ; 0.2069999874 ; 0. ; 1.099999878e-003 ; 3.499997547e-003 ; 2.500003669e-003 ; 8.499997668e-003 ; 0.
0 ; Job74 ; 1.09999897e-002 ; 3.099991241e-003 ; 0. ; 0. ; 2.999997232e-003 ; 3.000003053e-003 ; 8.99999775e-003 ; 0.
0 ; Job76 ; 0.2092500031 ; 3.34999687e-003 ; 0. ; 0. ; 3.250002861e-003 ; 3.250008915e-003 ; 9.250002913e-003 ; 0.
0 ; Job78 ; 0.2039999962 ; 4.099990241e-003 ; 0. ; 0. ; 3.999995999e-003 ; 4.000002053e-003 ; 9.999996051e-003 ; 0.
0 ; Job77 ; 0.200000003 ; 4.849995486e-003 ; 0. ; 0. ; 4.750001244e-003 ; 4.750007298e-003 ; 1.07500013e-002 ; 0.
0 ; Job75 ; 0.200000003 ; 5.349994637e-003 ; 0. ; 0. ; 5.250000861e-003 ; 5.250006914e-003 ; 1.125000138e-002 ; 0.
6 ; Job204 ; 0. ; 5.749994423e-003 ; 0. ; 0. ; 5.750000477e-003 ; 5.850006361e-003 ; 1.175000053e-002 ; 0.
6 ; Job297 ; 0. ; 5.999988411e-003 ; 0. ; 0. ; 5.999994464e-003 ; 6.000000052e-003 ; 9.999996051e-003 ; 9.999999747e-005
0 ; Job79 ; 0.8002499938 ; 6.599993911e-003 ; 2.499999828e-004 ; 2.499999828e-004 ; 6.500000134e-003 ; 6.750005763e-003 ; 9.000004269e-003 ; 0.
6 ; Job206 ; 0. ; 6.499999668e-003 ; 0. ; 0. ; 6.500005722e-003 ; 6.600011606e-003 ; 0.2085000128 ; 0.
6 ; Job207 ; 0. ; 6.749993656e-003 ; 0. ; 0. ; 6.749999709e-003 ; 6.850005127e-003 ; 0.2067500055 ; 0.
6 ; Job205 ; 0. ; 6.999999285e-003 ; 0. ; 0. ; 7.000005338e-003 ; 7.100011222e-003 ; 0.2050000131 ; 0.
6 ; Job299 ; 0. ; 7.249993272e-003 ; 0. ; 0. ; 7.24999886e-003 ; 7.250004914e-003 ; 0.2032500058 ; 9.999999747e-005
6 ; Job298 ; 0. ; 7.999998517e-003 ; 5.960464566e-009 ; 0. ; 8.000004105e-003 ; 8.000010625e-003 ; 0.200000003 ; 9.999999747e-005
6 ; Job300 ; 0. ; 8.499997668e-003 ; 5.000054953e-004 ; 0. ; 8.500004187e-003 ; 8.500009775e-003 ; 0.400000006 ; 9.999999747e-005
6 ; Job208 ; 4.999999655e-004 ; 9.249997325e-003 ; 1.500004786e-003 ; 2.499999828e-004 ; 9.250002913e-003 ; 1.010000892e-002 ; 0.6000000238 ; 4.999999655e-004
6 ; Job301 ; 0. ; 9.499996901e-003 ; 1.500004553e-003 ; 0. ; 9.500002488e-003 ; 9.500009008e-003 ; 0.200000003 ; 9.999999747e-005
6 ; Job302 ; 2.499999828e-004 ; 1.024999656e-002 ; 2.75000371e-003 ; 5.000176607e-004 ; 1.025000215e-002 ; 1.025000773e-002 ; 0.200000003 ; 8.500000113e-004
1 ; Job80 ; 0. ; 1.059999596e-002 ; 2.500003669e-003 ; 5.000174278e-004 ; 1.050000172e-002 ; 1.050000824e-002 ; 0. ; 0.
1 ; Job84 ; 0. ; 0.2088499963 ; 2.749997424e-003 ; 7.500111824e-004 ; 1.074999571e-002 ; 1.07500013e-002 ; 0. ; 0.
1 ; Job82 ; 0. ; 0.2036000043 ; 3.500002669e-003 ; 1.500016428e-003 ; 1.150000095e-002 ; 1.150000654e-002 ; 0. ; 0.
1 ; Job83 ; 0. ; 0.2001000047 ; 4.24999604e-003 ; 2.250009682e-003 ; 1.224999409e-002 ; 1.225000061e-002 ; 0. ; 0.
1 ; Job81 ; 0. ; 0.2001000047 ; 4.749995656e-003 ; 2.750009298e-003 ; 1.274999417e-002 ; 1.274999976e-002 ; 0. ; 0.
5 ; Job149 ; 0. ; 0. ; 5.249994807e-003 ; 3.350008978e-003 ; 1.324999332e-002 ; 1.324999891e-002 ; 0. ; 0.
1 ; Job85 ; 4.999999655e-004 ; 0.8003500104 ; 6.000000518e-003 ; 4.00001416e-003 ; 1.399999857e-002 ; 1.025000308e-002 ; 7.500000065e-004 ; 0.
4 ; Job209 ; 0. ; 0. ; 6.000000052e-003 ; 4.00001416e-003 ; 1.399999857e-002 ; 1.01000024e-002 ; 0. ; 0.
5 ; Job150 ; 0. ; 0. ; 6.250000093e-003 ; 4.350013565e-003 ; 1.225000061e-002 ; 0.2102500051 ; 0. ; 0.
4 ; Job303 ; 0. ; 0. ; 6.999999285e-003 ; 5.000012927e-003 ; 1.299999934e-002 ; 5.000001285e-003 ; 0. ; 9.999999747e-005
5 ; Job151 ; 0. ; 9.999999311e-004 ; 7.24999886e-003 ; 6.350012496e-003 ; 1.225000154e-002 ; 0.205249995 ; 0. ; 0.
4 ; Job211 ; 0. ; 0. ; 7.749998476e-003 ; 5.750012584e-003 ; 0.2117500007 ; 1.849998254e-003 ; 0. ; 0.
4 ; Job212 ; 0. ; 0. ; 7.999998517e-003 ; 6.000012159e-003 ; 0.2100000083 ; 2.099998062e-003 ; 0. ; 0.
4 ; Job210 ; 2.499878465e-004 ; 0. ; 8.249998093e-003 ; 6.250011735e-003 ; 0.2082500011 ; 2.349997871e-003 ; 0. ; 0.
4 ; Job305 ; 4.999876255e-004 ; 0. ; 8.499997668e-003 ; 6.500011776e-003 ; 0.2065000087 ; 2.499997616e-003 ; 0. ; 9.999999747e-005
4 ; Job304 ; 1.249986934e-003 ; 0. ; 9.249997325e-003 ; 7.250010967e-003 ; 0.2012500018 ; 3.249996807e-003 ; 0. ; 9.999999747e-005
4 ; Job306 ; 1.749986433e-003 ; 0. ; 9.749996476e-003 ; 7.750010584e-003 ; 0.400000006 ; 3.749996424e-003 ; 0. ; 9.999999747e-005
4 ; Job213 ; 2.999985591e-003 ; 0. ; 1.074999571e-002 ; 8.75000935e-003 ; 0.6000000238 ; 5.349995568e-003 ; 2.499999828e-004 ; 4.999999655e-004
4 ; Job307 ; 2.74999137e-003 ; 0. ; 1.07500013e-002 ; 8.75001587e-003 ; 0.200000003 ; 4.750001244e-003 ; 0. ; 9.999999747e-005
4 ; Job308 ; 3.749984782e-003 ; 2.499999828e-004 ; 1.199999545e-002 ; 9.750008583e-003 ; 0.2002499998 ; 5.499994848e-003 ; 2.499999828e-004 ; 8.500000113e-004
2 ; Job86 ; 3.74999037e-003 ; 9.999999747e-005 ; 1.175000053e-002 ; 9.750014171e-003 ; 0. ; 5.750000477e-003 ; 0. ; 0.
2 ; Job90 ; 3.999984358e-003 ; 9.999999747e-005 ; 0.2099999934 ; 1.000000816e-002 ; 0. ; 5.999994464e-003 ; 0. ; 5.960464566e-009
2 ; Job88 ; 4.749989603e-003 ; 9.999999747e-005 ; 0.2047500014 ; 1.07500134e-002 ; 0. ; 6.749999709e-003 ; 0. ; 7.500111824e-004
2 ; Job89 ; 5.499988794e-003 ; 9.999999747e-005 ; 0.200000003 ; 1.150001306e-002 ; 0. ; 7.499998901e-003 ; 0. ; 1.50001049e-003
2 ; Job87 ; 5.999988411e-003 ; 9.999999747e-005 ; 0.200000003 ; 1.200001221e-002 ; 0. ; 7.999998517e-003 ; 0. ; 2.000010107e-003
2 ; Job91 ; 6.999987643e-003 ; 5.999999703e-004 ; 0.8002499938 ; 1.275001187e-002 ; 2.499999828e-004 ; 8.99999775e-003 ; 7.500000065e-004 ; 2.50000949e-003
3 ; Job214 ; 6.749981549e-003 ; 0. ; 0. ; 1.275000535e-002 ; 0. ; 8.849991485e-003 ; 0. ; 2.750003245e-003
3 ; Job309 ; 6.999987178e-003 ; 0. ; 0. ; 1.100001298e-002 ; 0. ; 8.99999775e-003 ; 0. ; 3.100009169e-003
3 ; Job216 ; 7.249981165e-003 ; 0. ; 0. ; 0.2092500031 ; 0. ; 9.349990636e-003 ; 0. ; 3.250002861e-003
3 ; Job311 ; 7.499986794e-003 ; 0. ; 0. ; 0.2075000107 ; 0. ; 9.499996901e-003 ; 0. ; 3.600008553e-003
3 ; Job217 ; 8.249980398e-003 ; 2.499818802e-004 ; 0. ; 0.2022500038 ; 0. ; 1.034998987e-002 ; 0. ; 4.250002094e-003
3 ; Job215 ; 8.499985561e-003 ; 4.999876255e-004 ; 0. ; 0.2005000114 ; 0. ; 1.059999596e-002 ; 0. ; 4.500007723e-003
3 ; Job310 ; 8.749979548e-003 ; 7.499813801e-004 ; 0. ; 0.200000003 ; 0. ; 1.074999012e-002 ; 0. ; 4.850001074e-003
3 ; Job312 ; 9.24997963e-003 ; 1.24998088e-003 ; 0. ; 0.400000006 ; 0. ; 1.124998927e-002 ; 0. ; 5.350000691e-003
3 ; Job218 ; 1.049998496e-002 ; 1.999986125e-003 ; 2.499999828e-004 ; 0.6002500057 ; 2.499999828e-004 ; 1.2849994e-002 ; 2.499999828e-004 ; 6.500006188e-003
3 ; Job313 ; 1.024997793e-002 ; 2.24997988e-003 ; 0. ; 0.200000003 ; 0. ; 1.22499885e-002 ; 0. ; 6.349999923e-003
3 ; Job314 ; 1.124998368e-002 ; 3.249985166e-003 ; 4.999999655e-004 ; 0.2002499998 ; 4.999999655e-004 ; 1.299999375e-002 ; 2.499999828e-004 ; 7.850005291e-003
5 ; Job152 ; 1.124997716e-002 ; 3.249979112e-003 ; 0. ; 9.999999747e-005 ; 0. ; 1.324998774e-002 ; 0. ; 7.24999886e-003
5 ; Job153 ; 1.174997725e-002 ; 3.749978496e-003 ; 0. ; 9.999999747e-005 ; 0. ; 0.2097499818 ; 0. ; 7.749998476e-003
0 ; Job92 ; 1.249998249e-002 ; 4.599983804e-003 ; 0. ; 0. ; 0. ; 4.499995615e-003 ; 0. ; 8.500004187e-003
5 ; Job154 ; 1.074997801e-002 ; 5.749977659e-003 ; 0. ; 1.099999878e-003 ; 9.999999311e-004 ; 0.205249995 ; 0. ; 8.749997243e-003
0 ; Job96 ; 0.2112499774 ; 5.349976942e-003 ; 0. ; 0. ; 0. ; 1.249992871e-003 ; 0. ; 9.249997325e-003
0 ; Job94 ; 0.2059999853 ; 6.099982187e-003 ; 0. ; 0. ; 0. ; 1.999998e-003 ; 0. ; 1.000000257e-002
0 ; Job95 ; 0.2007499784 ; 6.849975325e-003 ; 0. ; 0. ; 0. ; 2.74999137e-003 ; 7.499933126e-004 ; 1.074999571e-002
0 ; Job93 ; 0.200000003 ; 7.349974941e-003 ; 0. ; 0. ; 0. ; 3.249990987e-003 ; 1.249992871e-003 ; 1.124999486e-002
0 ; Job97 ; 0.8004999757 ; 8.34997464e-003 ; 4.999999655e-004 ; 2.499999828e-004 ; 2.499999828e-004 ; 4.249990452e-003 ; 2.499992261e-003 ; 1.174999494e-002
7 ; Job219 ; 0. ; 7.999980822e-003 ; 0. ; 0. ; 0. ; 4.099995829e-003 ; 1.999998e-003 ; 1.20000001e-002
7 ; Job315 ; 0. ; 8.249973878e-003 ; 2.499938128e-004 ; 0. ; 0. ; 4.249989986e-003 ; 2.249991987e-003 ; 1.034999639e-002
7 ; Job221 ; 0. ; 8.499979973e-003 ; 4.999994999e-004 ; 0. ; 0. ; 4.599995445e-003 ; 2.499997616e-003 ; 0.2084999979
7 ; Job222 ; 0. ; 8.74997396e-003 ; 7.499933126e-004 ; 0. ; 0. ; 4.849989433e-003 ; 2.74999137e-003 ; 0.2067500055
7 ; Job220 ; 0. ; 8.999979123e-003 ; 9.999989998e-004 ; 0. ; 0. ; 5.099995062e-003 ; 2.999997232e-003 ; 0.2050000131
7 ; Job317 ; 0. ; 9.249973111e-003 ; 1.249992871e-003 ; 0. ; 0. ; 5.249989219e-003 ; 3.249990987e-003 ; 0.2033500075
7 ; Job316 ; 0. ; 9.999978356e-003 ; 1.999998e-003 ; 0. ; 0. ; 5.999994464e-003 ; 3.999995999e-003 ; 0.2001000047
7 ; Job318 ; 0. ; 1.049997844e-002 ; 2.499997616e-003 ; 0. ; 0. ; 6.499993615e-003 ; 4.499995615e-003 ; 0.4000999928
7 ; Job223 ; 4.999999655e-004 ; 1.124997158e-002 ; 3.499991028e-003 ; 4.999999655e-004 ; 2.499999828e-004 ; 8.099987172e-003 ; 5.49998926e-003 ; 0.6004999876
7 ; Job319 ; 0. ; 1.149997674e-002 ; 3.499996616e-003 ; 0. ; 0. ; 7.499992847e-003 ; 5.499994848e-003 ; 0.2001000047
7 ; Job320 ; 2.499999828e-004 ; 1.249997038e-002 ; 4.749990068e-003 ; 4.999999655e-004 ; 7.499937783e-004 ; 8.249985985e-003 ; 6.499988027e-003 ; 0.200849995
1 ; Job98 ; 0. ; 1.25999758e-002 ; 4.499995615e-003 ; 0. ; 4.999994999e-004 ; 8.49999208e-003 ; 6.499993615e-003 ; 0.
1 ; Job102 ; 0. ; 0.2108499706 ; 4.749989603e-003 ; 0. ; 7.499933126e-004 ; 8.749986067e-003 ; 6.749987602e-003 ; 0.
1 ; Job100 ; 0. ; 0.2055999786 ; 5.499994848e-003 ; 0. ; 1.499998616e-003 ; 9.499991313e-003 ; 7.499992847e-003 ; 0.
1 ; Job101 ; 0. ; 0.2003499866 ; 6.249987986e-003 ; 0. ; 2.249991987e-003 ; 1.024998445e-002 ; 8.249985985e-003 ; 0.
1 ; Job99 ; 0. ; 0.2001000047 ; 6.749987602e-003 ; 0. ; 2.74999137e-003 ; 1.07499836e-002 ; 8.749986067e-003 ; 0.
1 ; Job103 ; 7.500000065e-004 ; 0.8005999923 ; 7.7499873e-003 ; 2.499999828e-004 ; 3.499991028e-003 ; 1.174998377e-002 ; 9.999984875e-003 ; 0.
5 ; Job224 ; 0. ; 0. ; 7.499992847e-003 ; 0. ; 3.499996616e-003 ; 1.159998868e-002 ; 9.499991313e-003 ; 0.
5 ; Job155 ; 0. ; 0. ; 7.749986835e-003 ; 9.999999747e-005 ; 3.74999037e-003 ; 9.749984369e-003 ; 9.749984369e-003 ; 0.
6 ; Job321 ; 2.499818802e-004 ; 0. ; 8.249985985e-003 ; 0. ; 4.249989986e-003 ; 6.249987986e-003 ; 1.024998445e-002 ; 9.999999747e-005
5 ; Job226 ; 4.999876255e-004 ; 0. ; 8.49999208e-003 ; 0. ; 4.499995615e-003 ; 0.2065999955 ; 8.49999208e-003 ; 0.
5 ; Job156 ; 7.499813801e-004 ; 0. ; 8.749986067e-003 ; 9.999999747e-005 ; 4.749989603e-003 ; 0.2047499865 ; 8.749986067e-003 ; 0.
6 ; Job323 ; 1.499986625e-003 ; 0. ; 9.499991313e-003 ; 0. ; 5.499994848e-003 ; 0. ; 0.209499985 ; 9.999999747e-005
5 ; Job227 ; 2.24997988e-003 ; 0. ; 1.024998445e-002 ; 0. ; 6.249987986e-003 ; 0.2003500015 ; 4.249989986e-003 ; 0.
5 ; Job225 ; 2.499985741e-003 ; 0. ; 1.049998961e-002 ; 0. ; 6.499993615e-003 ; 0.2001000047 ; 4.499995615e-003 ; 0.
6 ; Job322 ; 2.749979496e-003 ; 0. ; 1.07499836e-002 ; 0. ; 6.749987602e-003 ; 0. ; 0.2047499865 ; 9.999999747e-005
5 ; Job157 ; 3.249979112e-003 ; 9.999999311e-004 ; 1.124998368e-002 ; 1.099999878e-003 ; 8.249986917e-003 ; 0.201000005 ; 1.249992871e-003 ; 0.
6 ; Job324 ; 3.749978496e-003 ; 0. ; 1.174998283e-002 ; 0. ; 7.749986835e-003 ; 0. ; 0.4017499983 ; 9.999999747e-005
5 ; Job228 ; 4.99998359e-003 ; 0. ; 1.274998765e-002 ; 4.999999655e-004 ; 8.749991655e-003 ; 0.6008500457 ; 2.499999828e-004 ; 7.500000065e-004
6 ; Job325 ; 4.749977496e-003 ; 0. ; 1.274998207e-002 ; 0. ; 8.749986067e-003 ; 0. ; 0.200000003 ; 9.999999747e-005
6 ; Job326 ; 5.749982782e-003 ; 2.499999828e-004 ; 1.399998739e-002 ; 4.999999655e-004 ; 9.999991395e-003 ; 0. ; 0.2002499998 ; 1.099999878e-003
2 ; Job104 ; 5.749976728e-003 ; 9.999999747e-005 ; 1.37499813e-002 ; 0. ; 9.749984369e-003 ; 0. ; 0. ; 0.
2 ; Job108 ; 5.99997025e-003 ; 9.999999747e-005 ; 0.2119999826 ; 0. ; 9.999978356e-003 ; 0. ; 0. ; 0.
2 ; Job106 ; 6.749975495e-003 ; 9.999999747e-005 ; 0.2067499906 ; 7.500052452e-004 ; 1.07499836e-002 ; 0. ; 0. ; 0.
2 ; Job107 ; 7.49998074e-003 ; 9.999999747e-005 ; 0.2014999986 ; 1.50001049e-003 ; 1.149998885e-002 ; 0. ; 0. ; 0.
2 ; Job105 ; 7.999968715e-003 ; 9.999999747e-005 ; 0.200000003 ; 1.999998e-003 ; 1.199997682e-002 ; 0. ; 0. ; 0.
2 ; Job109 ; 9.24997963e-003 ; 1.349987579e-003 ; 0.8004999757 ; 2.750009531e-003 ; 1.274998765e-002 ; 4.999999655e-004 ; 7.500000065e-004 ; 0.
4 ; Job229 ; 8.74997396e-003 ; 7.499813801e-004 ; 0. ; 2.750003245e-003 ; 1.274998207e-002 ; 9.999999747e-005 ; 0. ; 0.
4 ; Job327 ; 8.999967948e-003 ; 9.99975251e-004 ; 0. ; 2.999997232e-003 ; 1.099997759e-002 ; 0. ; 0. ; 9.999999747e-005
4 ; Job231 ; 9.249973111e-003 ; 1.24998088e-003 ; 0. ; 3.250002861e-003 ; 0.2092499882 ; 9.999999747e-005 ; 0. ; 0.
4 ; Job232 ; 9.499979205e-003 ; 1.499986625e-003 ; 0. ; 3.50000849e-003 ; 0.2074999958 ; 9.999999747e-005 ; 0. ; 0.
4 ; Job230 ; 9.749973193e-003 ; 1.749980496e-003 ; 0. ; 3.750002477e-003 ; 0.2057499886 ; 9.999999747e-005 ; 0. ; 0.
4 ; Job329 ; 9.999966249e-003 ; 1.999974251e-003 ; 0. ; 3.999995999e-003 ; 0.2039999813 ; 0. ; 0. ; 9.999999747e-005
4 ; Job328 ; 1.074997149e-002 ; 2.749979496e-003 ; 0. ; 4.750001244e-003 ; 0.200000003 ; 0. ; 0. ; 9.999999747e-005
4 ; Job330 ; 1.124997158e-002 ; 3.249979112e-003 ; 0. ; 5.250000861e-003 ; 0.400000006 ; 0. ; 0. ; 9.999999747e-005
4 ; Job233 ; 1.24999648e-002 ; 3.99997225e-003 ; 2.499999828e-004 ; 6.499994081e-003 ; 0.6002500057 ; 1.099999878e-003 ; 2.499999828e-004 ; 7.500000065e-004
4 ; Job331 ; 1.224997081e-002 ; 4.249977879e-003 ; 0. ; 6.250000093e-003 ; 0.200000003 ; 2.499938128e-004 ; 0. ; 9.999999747e-005
0 ; Job110 ; 1.299996395e-002 ; 5.099971313e-003 ; 0. ; 6.999993231e-003 ; 0. ; 9.999871254e-004 ; 0. ; 0.
4 ; Job332 ; 1.149997115e-002 ; 5.499977153e-003 ; 4.999999655e-004 ; 7.749998942e-003 ; 0.2004999965 ; 1.249992871e-003 ; 4.999999655e-004 ; 1.099999878e-003
0 ; Job114 ; 0.2114999741 ; 5.599982571e-003 ; 0. ; 7.500004955e-003 ; 0. ; 1.499998616e-003 ; 0. ; 0.
0 ; Job112 ; 0.2062499821 ; 6.349976175e-003 ; 0. ; 8.249998093e-003 ; 0. ; 2.249991987e-003 ; 0. ; 0.
0 ; Job113 ; 0.2009999752 ; 7.099969313e-003 ; 0. ; 8.999991231e-003 ; 0. ; 2.999985125e-003 ; 0. ; 0.
0 ; Job111 ; 0.200000003 ; 7.59998057e-003 ; 0. ; 9.500002488e-003 ; 0. ; 3.499996616e-003 ; 0. ; 0.
0 ; Job115 ; 0.8007500172 ; 8.849968202e-003 ; 7.500000065e-004 ; 1.024999004e-002 ; 2.499999828e-004 ; 4.499984439e-003 ; 7.500000065e-004 ; 0.
3 ; Job158 ; 0. ; 8.249973878e-003 ; 2.499938128e-004 ; 1.034999639e-002 ; 0. ; 4.249989986e-003 ; 2.499938128e-004 ; 2.500057162e-004
3 ; Job159 ; 0. ; 8.749986067e-003 ; 7.500052452e-004 ; 0.2068500072 ; 0. ; 4.750001244e-003 ; 7.500052452e-004 ; 7.500171778e-004
3 ; Job160 ; 0. ; 1.049997937e-002 ; 1.499998616e-003 ; 0.2026000172 ; 9.999999311e-004 ; 6.999994628e-003 ; 1.499998616e-003 ; 1.50001049e-003
1 ; Job234 ; 0. ; 9.999990463e-003 ; 2.000010107e-003 ; 0. ; 0. ; 6.100005936e-003 ; 2.000010107e-003 ; 2.000021981e-003
1 ; Job333 ; 0. ; 8.249973878e-003 ; 2.249991987e-003 ; 0. ; 0. ; 6.249987986e-003 ; 2.249991987e-003 ; 2.350003924e-003
1 ; Job236 ; 0. ; 0.2064999789 ; 2.499997616e-003 ; 0. ; 0. ; 6.599993445e-003 ; 2.499997616e-003 ; 2.50000949e-003
1 ; Job335 ; 0. ; 0.2047499865 ; 2.750003245e-003 ; 0. ; 0. ; 6.749999709e-003 ; 2.750003245e-003 ; 2.850015415e-003
1 ; Job237 ; 0. ; 0.200000003 ; 3.499996616e-003 ; 0. ; 0. ; 7.599992678e-003 ; 3.499996616e-003 ; 3.50000849e-003
1 ; Job235 ; 0. ; 0.200000003 ; 3.750002477e-003 ; 0. ; 0. ; 7.849998772e-003 ; 3.750002477e-003 ; 3.750014352e-003
1 ; Job334 ; 0. ; 0.200000003 ; 4.000008106e-003 ; 2.384185827e-008 ; 0. ; 8.000004105e-003 ; 4.000008106e-003 ; 4.100020044e-003
1 ; Job336 ; 0. ; 0.400000006 ; 4.499995615e-003 ; 5.000114325e-004 ; 0. ; 8.49999208e-003 ; 4.499995615e-003 ; 4.600007553e-003
5 ; Job116 ; 0. ; 9.999999747e-005 ; 5.249989219e-003 ; 1.250004745e-003 ; 0. ; 9.249985218e-003 ; 5.249989219e-003 ; 5.250000861e-003
1 ; Job238 ; 4.999999655e-004 ; 0.6000000238 ; 5.749994889e-003 ; 2.000010572e-003 ; 4.999999655e-004 ; 8.599992841e-003 ; 5.749994889e-003 ; 6.250006612e-003
1 ; Job337 ; 0. ; 0.200000003 ; 5.750000477e-003 ; 1.750016236e-003 ; 0. ; 7.749998476e-003 ; 5.750000477e-003 ; 5.850012414e-003
5 ; Job120 ; 0. ; 9.999999747e-005 ; 6.499993615e-003 ; 2.50000949e-003 ; 0. ; 0.2084999979 ; 6.499993615e-003 ; 6.500005722e-003
5 ; Job118 ; 0. ; 9.999999747e-005 ; 7.249987219e-003 ; 3.250002861e-003 ; 0. ; 0.2032499909 ; 7.249987219e-003 ; 7.24999886e-003
5 ; Job119 ; 0. ; 9.999999747e-005 ; 7.999980822e-003 ; 3.999995999e-003 ; 0. ; 0.200000003 ; 7.999980822e-003 ; 7.999991998e-003
5 ; Job117 ; 4.999876255e-004 ; 9.999999747e-005 ; 8.49999208e-003 ; 4.500007723e-003 ; 0. ; 0.200000003 ; 8.49999208e-003 ; 8.500004187e-003
1 ; Job338 ; 1.249975176e-003 ; 0.2002499998 ; 9.499979205e-003 ; 5.499995314e-003 ; 7.500000065e-004 ; 0. ; 9.499979205e-003 ; 1.009999122e-002
5 ; Job121 ; 2.249980811e-003 ; 8.500000113e-004 ; 9.999984875e-003 ; 5.500000902e-003 ; 2.499999828e-004 ; 0.8004999757 ; 9.999984875e-003 ; 9.249997325e-003
7 ; Job239 ; 1.499986625e-003 ; 0. ; 9.499991313e-003 ; 5.500006489e-003 ; 0. ; 9.999999747e-005 ; 9.499991313e-003 ; 9.500002488e-003
2 ; Job339 ; 1.749992371e-003 ; 0. ; 9.749996476e-003 ; 5.750012584e-003 ; 0. ; 0. ; 9.749996476e-003 ; 7.850010879e-003
7 ; Job241 ; 1.999998e-003 ; 0. ; 8.000004105e-003 ; 6.000018213e-003 ; 0. ; 9.999999747e-005 ; 1.000000257e-002 ; 0.2080000192
6 ; Job161 ; 2.249991987e-003 ; 0. ; 8.249998093e-003 ; 6.350011565e-003 ; 0. ; 0. ; 1.024999656e-002 ; 6.250011735e-003
7 ; Job242 ; 2.749979496e-003 ; 0. ; 8.749986067e-003 ; 6.749999709e-003 ; 0. ; 9.999999747e-005 ; 6.749987602e-003 ; 0.2067500055
7 ; Job240 ; 2.999985125e-003 ; 0. ; 8.999991231e-003 ; 7.000005338e-003 ; 0. ; 9.999999747e-005 ; 6.999993231e-003 ; 0.2050000131
2 ; Job341 ; 3.249979112e-003 ; 0. ; 0.2092499882 ; 7.24999886e-003 ; 0. ; 0. ; 7.249987219e-003 ; 3.350002924e-003
2 ; Job340 ; 3.99997225e-003 ; 0. ; 0.2039999813 ; 7.999991998e-003 ; 0. ; 0. ; 7.999980822e-003 ; 4.099995829e-003
3 ; Job122 ; 4.499983974e-003 ; 9.999999747e-005 ; 4.999994999e-004 ; 8.500004187e-003 ; 0. ; 0. ; 8.49999208e-003 ; 4.500007723e-003
6 ; Job162 ; 4.749989603e-003 ; 0. ; 7.500052452e-004 ; 6.850011181e-003 ; 0. ; 0. ; 0.2087499946 ; 4.750013351e-003
2 ; Job342 ; 5.499982741e-003 ; 0. ; 0.4014999866 ; 7.500004955e-003 ; 0. ; 0. ; 3.499996616e-003 ; 5.60000632e-003
3 ; Job126 ; 6.249976344e-003 ; 9.999999747e-005 ; 0. ; 0.2082500011 ; 0. ; 0. ; 4.249989986e-003 ; 6.250000093e-003
3 ; Job124 ; 6.99998159e-003 ; 9.999999747e-005 ; 0. ; 0.2030000091 ; 0. ; 0. ; 4.999995232e-003 ; 7.000005338e-003
3 ; Job125 ; 7.749974728e-003 ; 9.999999747e-005 ; 0. ; 0.200000003 ; 0. ; 0. ; 5.74998837e-003 ; 7.749998476e-003
3 ; Job123 ; 8.249973878e-003 ; 9.999999747e-005 ; 0. ; 0.200000003 ; 2.499938128e-004 ; 0. ; 6.249987986e-003 ; 8.249998093e-003
7 ; Job243 ; 9.249974042e-003 ; 2.499999828e-004 ; 2.499999828e-004 ; 4.999999655e-004 ; 1.249993336e-003 ; 1.099999878e-003 ; 6.999987643e-003 ; 0.6094999909
6 ; Job163 ; 8.999979123e-003 ; 9.999999311e-004 ; 0. ; 1.59999996e-003 ; 1.999998931e-003 ; 1.500000013e-003 ; 0.2069999874 ; 7.000005338e-003
2 ; Job343 ; 9.499979205e-003 ; 0. ; 0.200000003 ; 0. ; 1.499998616e-003 ; 0. ; 3.499996616e-003 ; 7.600004785e-003
2 ; Job344 ; 1.049998403e-002 ; 4.999999655e-004 ; 0.2004999965 ; 4.999999655e-004 ; 3.000003751e-003 ; 0. ; 4.75000171e-003 ; 9.350010194e-003
3 ; Job127 ; 1.149997767e-002 ; 8.500000113e-004 ; 7.500000065e-004 ; 0.8002499938 ; 2.749997657e-003 ; 7.500000065e-004 ; 5.249995738e-003 ; 8.500004187e-003
0 ; Job244 ; 1.07499836e-002 ; 0. ; 0. ; 0. ; 2.750003245e-003 ; 9.999999747e-005 ; 4.750001244e-003 ; 8.75000935e-003
7 ; Job128 ; 8.999991231e-003 ; 9.999999747e-005 ; 0. ; 0. ; 3.000009106e-003 ; 0. ; 5.000007339e-003 ; 9.000015445e-003
0 ; Job246 ; 0.2092499882 ; 0. ; 0. ; 0. ; 3.250002861e-003 ; 9.999999747e-005 ; 5.250000861e-003 ; 7.250010967e-003
0 ; Job247 ; 0.207499966 ; 0. ; 0. ; 0. ; 3.499984741e-003 ; 9.999999747e-005 ; 5.499982741e-003 ; 7.499992847e-003
0 ; Job245 ; 0.2057499737 ; 0. ; 0. ; 0. ; 3.74999037e-003 ; 9.999999747e-005 ; 5.74998837e-003 ; 7.749998476e-003
7 ; Job132 ; 3.999984358e-003 ; 9.999999747e-005 ; 0. ; 0. ; 3.999995999e-003 ; 0. ; 5.999994464e-003 ; 0.2080000043
7 ; Job130 ; 4.749989603e-003 ; 9.999999747e-005 ; 0. ; 0. ; 4.750001244e-003 ; 7.500052452e-004 ; 6.749999709e-003 ; 0.2027500123
7 ; Job131 ; 5.499982741e-003 ; 9.999999747e-005 ; 0. ; 0. ; 5.499994848e-003 ; 1.499998616e-003 ; 7.499992847e-003 ; 0.200000003
7 ; Job129 ; 5.999982357e-003 ; 9.999999747e-005 ; 0. ; 0. ; 5.999994464e-003 ; 1.999998e-003 ; 7.999991998e-003 ; 0.200000003
0 ; Job248 ; 0.6069999933 ; 2.499999828e-004 ; 2.499999828e-004 ; 4.999999655e-004 ; 6.999993697e-003 ; 3.59999761e-003 ; 8.749991655e-003 ; 9.999999311e-004
7 ; Job133 ; 5.749989301e-003 ; 8.500000113e-004 ; 7.500000065e-004 ; 4.999999655e-004 ; 6.99999975e-003 ; 3.500003368e-003 ; 9.499997832e-003 ; 0.8000000119
